{
  "assetsByChunkName": {
    "vendors~app-account~app-confirmation~app-order": [
      "chunk.948087e8aec42d0ac2a4.js",
      "chunk.948087e8aec42d0ac2a4.js.map"
    ],
    "vendors~app-account~app-checkout": [
      "chunk.0a1d01e063e70970f0d9.js",
      "chunk.0a1d01e063e70970f0d9.js.map"
    ],
    "vendors~app-cart~app-checkout": [
      "chunk.0277bb2dbc0621939580.js",
      "chunk.0277bb2dbc0621939580.js.map"
    ],
    "admin": [
      "admin.6dd26666db250c5997bc.js",
      "admin.6dd26666db250c5997bc.js.map"
    ],
    "app-account": [
      "chunk.bbcda206d716935c5949.js",
      "chunk.bbcda206d716935c5949.js.map"
    ],
    "app-cart": [
      "chunk.0fe930d68e6446c71d48.js",
      "chunk.0fe930d68e6446c71d48.js.map"
    ],
    "app-checkout": [
      "chunk.06a331729a6a7f94eff2.js",
      "chunk.06a331729a6a7f94eff2.js.map"
    ],
    "app-confirmation": [
      "chunk.8aff8127f902100e939f.js",
      "chunk.8aff8127f902100e939f.js.map"
    ],
    "app-order": [
      "chunk.fc7aef9e441aa4f7a621.js",
      "chunk.fc7aef9e441aa4f7a621.js.map"
    ],
    "checkout": [
      "checkout.78024042842a3b5d6027.js",
      "checkout.78024042842a3b5d6027.js.map"
    ],
    "storefront": [
      "storefront.e53c4d7dae39731299d9.css",
      "storefront.d9542eeb59fad7c3fdb8.js",
      "storefront.e53c4d7dae39731299d9.css.map",
      "storefront.d9542eeb59fad7c3fdb8.js.map"
    ]
  }
}